{
  "condition": "minecraft:inverted",
  "term": {
    "condition": "minecraft:alternative",
    "terms": [
      {
        "condition": "minecraft:inverted",
        "term": {
          "condition": "minecraft:location_check",
          "predicate": {
            "block": {
              "block": "minecraft:air"
            }
          }
        }
      },
      {
        "condition": "minecraft:inverted",
        "term": {
          "condition": "minecraft:location_check",
          "offsetY": -1,
          "predicate": {
            "block": {
              "tag": "timber:grow"
            }
          }
        }
      },
      {
        "condition": "minecraft:inverted",
        "term": {
          "condition": "minecraft:entity_properties",
          "entity": "this",
          "predicate": {
            "nbt": "{OnGround:1b}"
          }
        }
      }
    ]
  }
}