{
  "condition": "minecraft:alternative",
  "terms": [
    {
      "condition": "minecraft:location_check",
      "predicate": {
        "block": {
          "tag": "minecraft:wart_blocks"
        }
      }
    },
    {
      "condition": "minecraft:location_check",
      "predicate": {
        "block": {
          "block": "minecraft:shroomlight"
        }
      }
    },
    {
      "condition": "minecraft:location_check",
      "predicate": {
        "block": {
          "block": "minecraft:brown_mushroom_block"
        }
      }
    },
    {
      "condition": "minecraft:location_check",
      "predicate": {
        "block": {
          "block": "minecraft:red_mushroom_block"
        }
      }
    }
  ]
}